﻿<?xml version="1.0" encoding="utf-8"?>
<!--DO NOT EDIT. This document is generated by PSoC Creator design builds.-->
<PSoCCreatorIdeExport Version="1">
  <Device Part="CY8C4247AZI-M485" Processor="CortexM0" DeviceID="112D11A1" />
  <Toolchains>
    <Toolchain Name="ARM GCC Generic" Selected="True">
      <Tool Name="prebuild" Command="" Options="" />
      <Tool Name="assembler" Command="arm-none-eabi-as.exe" Options="-mcpu=cortex-m0 -mthumb -I. -IGenerated_Source\PSoC4 -alh=${OutputDir}/${CompileFile}.lst -g -W" />
      <Tool Name="compiler" Command="arm-none-eabi-gcc.exe" Options="-mcpu=cortex-m0 -mthumb -I. -IGenerated_Source\PSoC4 -Wa,-alh=${OutputDir}/${CompileFile}.lst -g -D DEBUG -D CY_CORE_ID=0 -Wall -ffunction-sections -ffat-lto-objects -Og" />
      <Tool Name="linker" Command="arm-none-eabi-gcc.exe" Options="-mcpu=cortex-m0 -mthumb -L Generated_Source\PSoC4 -Wl,-Map,${OutputDir}/${ProjectShortName}.map -T Generated_Source\PSoC4\cm0gcc.ld -specs=nano.specs -Wl,--gc-sections -g -ffunction-sections -Og -ffat-lto-objects" />
      <Tool Name="postbuild" Command="" Options="" />
    </Toolchain>
    <Toolchain Name="ARM MDK Generic" Selected="False">
      <Tool Name="prebuild" Command="" Options="" />
      <Tool Name="assembler" Command="armasm.exe" Options="--cpu=Cortex-M0 --diag_style=gnu --thumb -i. -iGenerated_Source\PSoC4 -g --list=${OutputDir}/${CompileFile}.lst &quot;--predefine=__MICROLIB SETA 1&quot;" />
      <Tool Name="compiler" Command="armcc.exe" Options="--cpu=Cortex-M0 --C99 --diag_style=gnu -I. -IGenerated_Source\PSoC4 --list --signed_chars -g -D DEBUG -D CY_CORE_ID=0 -O0 --split_sections -D__MICROLIB" />
      <Tool Name="linker" Command="armlink.exe" Options="--cpu=Cortex-M0 --diag_style=gnu --no_startup --library_type=microlib --map --list ${OutputDir}/${ProjectShortName}.map --scatter Generated_Source\PSoC4\Cm0RealView.scat" />
      <Tool Name="postbuild" Command="" Options="" />
    </Toolchain>
    <Toolchain Name="ARM IAR Generic" Selected="False">
      <Tool Name="prebuild" Command="" Options="" />
      <Tool Name="assembler" Command="iasmarm.exe" Options="--cpu Cortex-M0 -I. -IGenerated_Source\PSoC4 -s+ -M&lt;&gt; -w+ -r -DDEBUG --fpu None" />
      <Tool Name="compiler" Command="iccarm.exe" Options="--cpu Cortex-M0 -I. -IGenerated_Source\PSoC4 -D DEBUG -D CY_CORE_ID=0 -I. -IGenerated_Source\PSoC4 -D DEBUG -D CY_CORE_ID=0 --no_cse --no_unroll --no_inline --no_code_motion --no_tbaa --no_clustering --no_scheduling --debug --endian=little -e --fpu=None -On --no_wrap_diagnostics" />
      <Tool Name="linker" Command="ilinkarm.exe" Options="--semihosting --entry __iar_program_start --config Generated_Source\PSoC4\Cm0Iar.icf" />
      <Tool Name="postbuild" Command="" Options="" />
    </Toolchain>
  </Toolchains>
  <Project Name="Dashboard" Path="D:\Users\leoja\Documents\GitHub\Dashboard-Firmware-FE9-CURSED\Dashboard-Firmware-FE9\Dashboard.cydsn" Version="6.0" Type="Normal">
    <CMSIS_SVD_File>Dashboard.svd</CMSIS_SVD_File>
    <Datasheet />
    <LinkerFiles>
      <LinkerFile Toolchain="ARM GCC Generic">.\Generated_Source\PSoC4\cm0gcc.ld</LinkerFile>
      <LinkerFile Toolchain="ARM MDK Generic">.\Generated_Source\PSoC4\Cm0RealView.scat</LinkerFile>
      <LinkerFile Toolchain="ARM IAR Generic">.\Generated_Source\PSoC4\Cm0Iar.icf</LinkerFile>
    </LinkerFiles>
    <Folders>
      <Folder BuildType="STRICT" Path="D:\Users\leoja\Documents\GitHub\Dashboard-Firmware-FE9-CURSED\Dashboard-Firmware-FE9\Dashboard.cydsn">
        <Files Root="D:\Users\leoja\Documents\GitHub\Dashboard-Firmware-FE9-CURSED\Dashboard-Firmware-FE9\Dashboard.cydsn">
          <File BuildType="BUILD" Toolchain="">main.c</File>
          <File BuildType="BUILD" Toolchain="">cyapicallbacks.h</File>
        </Files>
      </Folder>
      <Folder BuildType="STRICT" Path="D:\Users\leoja\Documents\GitHub\Dashboard-Firmware-FE9-CURSED\Dashboard-Firmware-FE9\Dashboard.cydsn\Generated_Source\PSoC4">
        <Files Root="D:\Users\leoja\Documents\GitHub\Dashboard-Firmware-FE9-CURSED\Dashboard-Firmware-FE9\Dashboard.cydsn">
          <File BuildType="BUILD" Toolchain="">Generated_Source\PSoC4\cyfitter_cfg.h</File>
          <File BuildType="BUILD" Toolchain="">Generated_Source\PSoC4\cyfitter_cfg.c</File>
          <File BuildType="BUILD" Toolchain="">Generated_Source\PSoC4\cymetadata.c</File>
          <File BuildType="BUILD" Toolchain="">Generated_Source\PSoC4\cydevice_trm.h</File>
          <File BuildType="BUILD" Toolchain="">Generated_Source\PSoC4\cydevicegnu_trm.inc</File>
          <File BuildType="BUILD" Toolchain="">Generated_Source\PSoC4\cydevicerv_trm.inc</File>
          <File BuildType="BUILD" Toolchain="">Generated_Source\PSoC4\cydeviceiar_trm.inc</File>
          <File BuildType="BUILD" Toolchain="">Generated_Source\PSoC4\cyfittergnu.inc</File>
          <File BuildType="BUILD" Toolchain="">Generated_Source\PSoC4\cyfitterrv.inc</File>
          <File BuildType="BUILD" Toolchain="">Generated_Source\PSoC4\cyfitteriar.inc</File>
          <File BuildType="BUILD" Toolchain="">Generated_Source\PSoC4\cyfitter.h</File>
          <File BuildType="BUILD" Toolchain="">Generated_Source\PSoC4\cydisabledsheets.h</File>
          <File BuildType="BUILD" Toolchain="">Generated_Source\PSoC4\RGB1_1.c</File>
          <File BuildType="BUILD" Toolchain="">Generated_Source\PSoC4\RGB1_1.h</File>
          <File BuildType="BUILD" Toolchain="">Generated_Source\PSoC4\RGB1_1_aliases.h</File>
          <File BuildType="BUILD" Toolchain="">Generated_Source\PSoC4\RGB1_1_PM.c</File>
          <File BuildType="BUILD" Toolchain="">Generated_Source\PSoC4\RGB2_1.c</File>
          <File BuildType="BUILD" Toolchain="">Generated_Source\PSoC4\RGB2_1.h</File>
          <File BuildType="BUILD" Toolchain="">Generated_Source\PSoC4\RGB2_1_aliases.h</File>
          <File BuildType="BUILD" Toolchain="">Generated_Source\PSoC4\RGB2_1_PM.c</File>
          <File BuildType="BUILD" Toolchain="">Generated_Source\PSoC4\RGB3_1.c</File>
          <File BuildType="BUILD" Toolchain="">Generated_Source\PSoC4\RGB3_1.h</File>
          <File BuildType="BUILD" Toolchain="">Generated_Source\PSoC4\RGB3_1_aliases.h</File>
          <File BuildType="BUILD" Toolchain="">Generated_Source\PSoC4\RGB3_1_PM.c</File>
          <File BuildType="BUILD" Toolchain="">Generated_Source\PSoC4\HV_Request.c</File>
          <File BuildType="BUILD" Toolchain="">Generated_Source\PSoC4\HV_Request.h</File>
          <File BuildType="BUILD" Toolchain="">Generated_Source\PSoC4\HV_Request_aliases.h</File>
          <File BuildType="BUILD" Toolchain="">Generated_Source\PSoC4\HV_Request_PM.c</File>
          <File BuildType="BUILD" Toolchain="">Generated_Source\PSoC4\Drive_Request.c</File>
          <File BuildType="BUILD" Toolchain="">Generated_Source\PSoC4\Drive_Request.h</File>
          <File BuildType="BUILD" Toolchain="">Generated_Source\PSoC4\Drive_Request_aliases.h</File>
          <File BuildType="BUILD" Toolchain="">Generated_Source\PSoC4\Drive_Request_PM.c</File>
          <File BuildType="BUILD" Toolchain="">Generated_Source\PSoC4\TX_CAN0.c</File>
          <File BuildType="BUILD" Toolchain="">Generated_Source\PSoC4\TX_CAN0.h</File>
          <File BuildType="BUILD" Toolchain="">Generated_Source\PSoC4\TX_CAN0_aliases.h</File>
          <File BuildType="BUILD" Toolchain="">Generated_Source\PSoC4\TX_CAN0_PM.c</File>
          <File BuildType="BUILD" Toolchain="">Generated_Source\PSoC4\RX_CAN0.c</File>
          <File BuildType="BUILD" Toolchain="">Generated_Source\PSoC4\RX_CAN0.h</File>
          <File BuildType="BUILD" Toolchain="">Generated_Source\PSoC4\RX_CAN0_aliases.h</File>
          <File BuildType="BUILD" Toolchain="">Generated_Source\PSoC4\RX_CAN0_PM.c</File>
          <File BuildType="BUILD" Toolchain="">Generated_Source\PSoC4\CAN_0.c</File>
          <File BuildType="BUILD" Toolchain="">Generated_Source\PSoC4\CAN_0.h</File>
          <File BuildType="BUILD" Toolchain="">Generated_Source\PSoC4\CAN_0_INT.c</File>
          <File BuildType="BUILD" Toolchain="">Generated_Source\PSoC4\CAN_0_PM.c</File>
          <File BuildType="BUILD" Toolchain="">Generated_Source\PSoC4\CAN_0_TX_RX_func.c</File>
          <File BuildType="BUILD" Toolchain="">Generated_Source\PSoC4\RX_CAN1.c</File>
          <File BuildType="BUILD" Toolchain="">Generated_Source\PSoC4\RX_CAN1.h</File>
          <File BuildType="BUILD" Toolchain="">Generated_Source\PSoC4\RX_CAN1_aliases.h</File>
          <File BuildType="BUILD" Toolchain="">Generated_Source\PSoC4\RX_CAN1_PM.c</File>
          <File BuildType="BUILD" Toolchain="">Generated_Source\PSoC4\TX_CAN1.c</File>
          <File BuildType="BUILD" Toolchain="">Generated_Source\PSoC4\TX_CAN1.h</File>
          <File BuildType="BUILD" Toolchain="">Generated_Source\PSoC4\TX_CAN1_aliases.h</File>
          <File BuildType="BUILD" Toolchain="">Generated_Source\PSoC4\TX_CAN1_PM.c</File>
          <File BuildType="BUILD" Toolchain="">Generated_Source\PSoC4\CAN_1.c</File>
          <File BuildType="BUILD" Toolchain="">Generated_Source\PSoC4\CAN_1.h</File>
          <File BuildType="BUILD" Toolchain="">Generated_Source\PSoC4\CAN_1_INT.c</File>
          <File BuildType="BUILD" Toolchain="">Generated_Source\PSoC4\CAN_1_PM.c</File>
          <File BuildType="BUILD" Toolchain="">Generated_Source\PSoC4\CAN_1_TX_RX_func.c</File>
          <File BuildType="BUILD" Toolchain="">Generated_Source\PSoC4\DISP.c</File>
          <File BuildType="BUILD" Toolchain="">Generated_Source\PSoC4\DISP.h</File>
          <File BuildType="BUILD" Toolchain="">Generated_Source\PSoC4\DISP_aliases.h</File>
          <File BuildType="BUILD" Toolchain="">Generated_Source\PSoC4\DISP_PM.c</File>
          <File BuildType="BUILD" Toolchain="">Generated_Source\PSoC4\REST.c</File>
          <File BuildType="BUILD" Toolchain="">Generated_Source\PSoC4\REST.h</File>
          <File BuildType="BUILD" Toolchain="">Generated_Source\PSoC4\REST_aliases.h</File>
          <File BuildType="BUILD" Toolchain="">Generated_Source\PSoC4\REST_PM.c</File>
          <File BuildType="BUILD" Toolchain="">Generated_Source\PSoC4\BL_Enable.c</File>
          <File BuildType="BUILD" Toolchain="">Generated_Source\PSoC4\BL_Enable.h</File>
          <File BuildType="BUILD" Toolchain="">Generated_Source\PSoC4\BL_Enable_aliases.h</File>
          <File BuildType="BUILD" Toolchain="">Generated_Source\PSoC4\BL_Enable_PM.c</File>
          <File BuildType="BUILD" Toolchain="">Generated_Source\PSoC4\GraphicLCDIntf_1.c</File>
          <File BuildType="BUILD" Toolchain="">Generated_Source\PSoC4\GraphicLCDIntf_1.h</File>
          <File BuildType="BUILD" Toolchain="">Generated_Source\PSoC4\GraphicLCDIntf_1_PM.c</File>
          <File BuildType="BUILD" Toolchain="">Generated_Source\PSoC4\CAN_0_isr.c</File>
          <File BuildType="BUILD" Toolchain="">Generated_Source\PSoC4\CAN_0_isr.h</File>
          <File BuildType="BUILD" Toolchain="">Generated_Source\PSoC4\CAN_0_HFCLK.c</File>
          <File BuildType="BUILD" Toolchain="">Generated_Source\PSoC4\CAN_0_HFCLK.h</File>
          <File BuildType="BUILD" Toolchain="">Generated_Source\PSoC4\CAN_1_isr.c</File>
          <File BuildType="BUILD" Toolchain="">Generated_Source\PSoC4\CAN_1_isr.h</File>
          <File BuildType="BUILD" Toolchain="">Generated_Source\PSoC4\CAN_1_HFCLK.c</File>
          <File BuildType="BUILD" Toolchain="">Generated_Source\PSoC4\CAN_1_HFCLK.h</File>
          <File BuildType="BUILD" Toolchain="ARM GCC Generic">Generated_Source\PSoC4\cm0gcc.ld</File>
          <File BuildType="BUILD" Toolchain="ARM MDK Generic">Generated_Source\PSoC4\Cm0RealView.scat</File>
          <File BuildType="BUILD" Toolchain="">Generated_Source\PSoC4\Cm0Start.c</File>
          <File BuildType="BUILD" Toolchain="">Generated_Source\PSoC4\core_cm0.h</File>
          <File BuildType="BUILD" Toolchain="">Generated_Source\PSoC4\core_cm0_psoc4.h</File>
          <File BuildType="BUILD" Toolchain="ARM MDK Generic">Generated_Source\PSoC4\CyBootAsmRv.s</File>
          <File BuildType="BUILD" Toolchain="">Generated_Source\PSoC4\CyFlash.c</File>
          <File BuildType="BUILD" Toolchain="">Generated_Source\PSoC4\CyFlash.h</File>
          <File BuildType="BUILD" Toolchain="">Generated_Source\PSoC4\CyLib.c</File>
          <File BuildType="BUILD" Toolchain="">Generated_Source\PSoC4\CyLib.h</File>
          <File BuildType="BUILD" Toolchain="">Generated_Source\PSoC4\cyPm.c</File>
          <File BuildType="BUILD" Toolchain="">Generated_Source\PSoC4\cyPm.h</File>
          <File BuildType="BUILD" Toolchain="">Generated_Source\PSoC4\cytypes.h</File>
          <File BuildType="BUILD" Toolchain="">Generated_Source\PSoC4\cyutils.c</File>
          <File BuildType="BUILD" Toolchain="">Generated_Source\PSoC4\cypins.h</File>
          <File BuildType="BUILD" Toolchain="">Generated_Source\PSoC4\core_cmFunc.h</File>
          <File BuildType="BUILD" Toolchain="">Generated_Source\PSoC4\core_cmInstr.h</File>
          <File BuildType="BUILD" Toolchain="ARM IAR Generic">Generated_Source\PSoC4\Cm0Iar.icf</File>
          <File BuildType="BUILD" Toolchain="ARM IAR Generic">Generated_Source\PSoC4\CyBootAsmIar.s</File>
          <File BuildType="BUILD" Toolchain="">Generated_Source\PSoC4\cmsis_armcc.h</File>
          <File BuildType="BUILD" Toolchain="">Generated_Source\PSoC4\cmsis_gcc.h</File>
          <File BuildType="BUILD" Toolchain="">Generated_Source\PSoC4\cmsis_compiler.h</File>
          <File BuildType="BUILD" Toolchain="ARM GCC Generic">Generated_Source\PSoC4\CyBootAsmGnu.s</File>
          <File BuildType="BUILD" Toolchain="">Generated_Source\PSoC4\CyDMA.h</File>
          <File BuildType="BUILD" Toolchain="">Generated_Source\PSoC4\CyDMA.c</File>
          <File BuildType="BUILD" Toolchain="">Generated_Source\PSoC4\CyLFClk.c</File>
          <File BuildType="BUILD" Toolchain="">Generated_Source\PSoC4\CyLFClk.h</File>
          <File BuildType="BUILD" Toolchain="">Generated_Source\PSoC4\cy_em_eeprom.c</File>
          <File BuildType="BUILD" Toolchain="">Generated_Source\PSoC4\cy_em_eeprom.h</File>
          <File BuildType="BUILD" Toolchain="">Generated_Source\PSoC4\project.h</File>
          <File BuildType="BUILD" Toolchain="">Generated_Source\PSoC4\cycodeshareimport.ld</File>
          <File BuildType="BUILD" Toolchain="">Generated_Source\PSoC4\cycodeshareexport.ld</File>
          <File BuildType="BUILD" Toolchain="">Generated_Source\PSoC4\cycodeshareimport.scat</File>
          <File BuildType="BUILD" Toolchain="">Generated_Source\PSoC4\ADC_SAR_Seq_1.c</File>
          <File BuildType="BUILD" Toolchain="">Generated_Source\PSoC4\ADC_SAR_Seq_1.h</File>
          <File BuildType="BUILD" Toolchain="">Generated_Source\PSoC4\ADC_SAR_Seq_1_PM.c</File>
          <File BuildType="BUILD" Toolchain="">Generated_Source\PSoC4\ADC_SAR_Seq_1_INT.c</File>
          <File BuildType="BUILD" Toolchain="">Generated_Source\PSoC4\Analog_1.c</File>
          <File BuildType="BUILD" Toolchain="">Generated_Source\PSoC4\Analog_1.h</File>
          <File BuildType="BUILD" Toolchain="">Generated_Source\PSoC4\Analog_1_aliases.h</File>
          <File BuildType="BUILD" Toolchain="">Generated_Source\PSoC4\Analog_1_PM.c</File>
          <File BuildType="BUILD" Toolchain="">Generated_Source\PSoC4\BUZZER.c</File>
          <File BuildType="BUILD" Toolchain="">Generated_Source\PSoC4\BUZZER.h</File>
          <File BuildType="BUILD" Toolchain="">Generated_Source\PSoC4\BUZZER_aliases.h</File>
          <File BuildType="BUILD" Toolchain="">Generated_Source\PSoC4\BUZZER_PM.c</File>
          <File BuildType="BUILD" Toolchain="">Generated_Source\PSoC4\PWM_1.c</File>
          <File BuildType="BUILD" Toolchain="">Generated_Source\PSoC4\PWM_1.h</File>
          <File BuildType="BUILD" Toolchain="">Generated_Source\PSoC4\PWM_1_PM.c</File>
          <File BuildType="BUILD" Toolchain="">Generated_Source\PSoC4\Clock_2.c</File>
          <File BuildType="BUILD" Toolchain="">Generated_Source\PSoC4\Clock_2.h</File>
          <File BuildType="BUILD" Toolchain="">Generated_Source\PSoC4\Analog_2.c</File>
          <File BuildType="BUILD" Toolchain="">Generated_Source\PSoC4\Analog_2.h</File>
          <File BuildType="BUILD" Toolchain="">Generated_Source\PSoC4\Analog_2_aliases.h</File>
          <File BuildType="BUILD" Toolchain="">Generated_Source\PSoC4\Analog_2_PM.c</File>
          <File BuildType="BUILD" Toolchain="">Generated_Source\PSoC4\ADC_SAR_Seq_1_IRQ.c</File>
          <File BuildType="BUILD" Toolchain="">Generated_Source\PSoC4\ADC_SAR_Seq_1_IRQ.h</File>
          <File BuildType="BUILD" Toolchain="">Generated_Source\PSoC4\ADC_SAR_Seq_1_intClock.c</File>
          <File BuildType="BUILD" Toolchain="">Generated_Source\PSoC4\ADC_SAR_Seq_1_intClock.h</File>
        </Files>
      </Folder>
      <Folder BuildType="EXCLUDE" Path=".\codegentemp">
        <Files Root="D:\Users\leoja\Documents\GitHub\Dashboard-Firmware-FE9-CURSED\Dashboard-Firmware-FE9\Dashboard.cydsn" />
      </Folder>
      <Folder BuildType="EXCLUDE" Path=".\ARM_GCC_441">
        <Files Root="D:\Users\leoja\Documents\GitHub\Dashboard-Firmware-FE9-CURSED\Dashboard-Firmware-FE9\Dashboard.cydsn" />
      </Folder>
      <Folder BuildType="EXCLUDE" Path=".\ARM_GCC_473">
        <Files Root="D:\Users\leoja\Documents\GitHub\Dashboard-Firmware-FE9-CURSED\Dashboard-Firmware-FE9\Dashboard.cydsn" />
      </Folder>
      <Folder BuildType="EXCLUDE" Path=".\DP8051_Keil_952">
        <Files Root="D:\Users\leoja\Documents\GitHub\Dashboard-Firmware-FE9-CURSED\Dashboard-Firmware-FE9\Dashboard.cydsn" />
      </Folder>
      <Folder BuildType="EXCLUDE" Path=".\DP8051">
        <Files Root="D:\Users\leoja\Documents\GitHub\Dashboard-Firmware-FE9-CURSED\Dashboard-Firmware-FE9\Dashboard.cydsn" />
      </Folder>
      <Folder BuildType="EXCLUDE" Path=".\CortexM0">
        <Files Root="D:\Users\leoja\Documents\GitHub\Dashboard-Firmware-FE9-CURSED\Dashboard-Firmware-FE9\Dashboard.cydsn" />
      </Folder>
      <Folder BuildType="EXCLUDE" Path=".\CortexM0p">
        <Files Root="D:\Users\leoja\Documents\GitHub\Dashboard-Firmware-FE9-CURSED\Dashboard-Firmware-FE9\Dashboard.cydsn" />
      </Folder>
      <Folder BuildType="EXCLUDE" Path=".\CortexM3">
        <Files Root="D:\Users\leoja\Documents\GitHub\Dashboard-Firmware-FE9-CURSED\Dashboard-Firmware-FE9\Dashboard.cydsn" />
      </Folder>
      <Folder BuildType="EXCLUDE" Path=".\CortexM4">
        <Files Root="D:\Users\leoja\Documents\GitHub\Dashboard-Firmware-FE9-CURSED\Dashboard-Firmware-FE9\Dashboard.cydsn" />
      </Folder>
      <Folder BuildType="EXCLUDE" Path=".\CortexM7">
        <Files Root="D:\Users\leoja\Documents\GitHub\Dashboard-Firmware-FE9-CURSED\Dashboard-Firmware-FE9\Dashboard.cydsn" />
      </Folder>
    </Folders>
  </Project>
</PSoCCreatorIdeExport>